X,Y,Z,Yaw,Pitch,Roll
0.5700664196076523,-0.0,0.9028605188239304,1.6,-1.5,1.4
