X,Y,Z,Yaw,Pitch,Roll
0.0,-0.9028605188239304,0.5700664196076523,2.6,-2.5,2.4
