X,Y,Z,Yaw,Pitch,Roll
0.9028605188239304,-0.5700664196076523,0.0,3.6,-3.5,3.4
